date,price,market_cap,volume,year,month,day,day_of_week,week_of_year,lag_1,lag_7,lag_14,lag_30,rolling_mean_7,rolling_mean_30,rolling_mean_90
2025-11-01 00:00:00,109566.6066188076,2184958376796.8809,58440602313.48507,2025,11,1,5,44,108409.379924928,111030.1833786475,106483.89143637568,118930.95511416093,111576.01662858952,113900.24077595961,114055.96992328404
2025-11-02 00:00:00,110066.94174051796,2194472770726.0208,25245930840.49496,2025,11,2,6,44,109566.6066188076,111631.63726547628,107210.0961099579,120514.57785586917,111352.48869645262,113551.98623878123,114009.65702877048
2025-11-03 00:00:00,110499.52238345638,2206951286346.512,36196258871.740746,2025,11,3,0,45,110066.94174051796,114419.22169689646,108655.50525004532,122294.92441742844,110792.53165167547,113158.80617098216,113958.71112447059
2025-11-04 00:00:00,106451.70653262926,2125234946159.2783,74958013879.9072,2025,11,4,1,45,110499.52238345638,114085.33123756813,110535.86301373685,122428.89063350527,109702.0138366842,112626.23336761963,113873.75492452443
2025-11-05 00:00:00,101480.76659609628,2027117373395.1697,112885195780.5525,2025,11,5,2,45,106451.70653262926,112893.85203624627,108301.75462476298,123488.7305970136,108071.57305951991,111892.63456758905,113723.39242660704
2025-11-06 00:00:00,103878.9335997028,2072420580091.9111,77092678814.22162,2025,11,6,3,45,101480.76659609628,110026.087620204,107591.4605093986,124739.81088811433,107193.40819944833,111197.27199130868,113572.24061976164
2025-11-07 00:00:00,101261.6455104612,2019505617727.349,64007649509.20418,2025,11,7,4,45,103878.9335997028,108409.379924928,110109.30522515893,121463.11808164183,106172.30328309593,110523.88957226931,113400.85085058508
2025-11-08 00:00:00,103191.7560668328,2061483488853.8977,93538572265.21951,2025,11,8,5,45,101261.6455104612,109566.6066188076,111030.1833786475,123342.98469750278,105261.61034709951,109852.18195124698,113252.97308897573
2025-11-09 00:00:00,102286.82524827348,2040163403275.169,50894858647.50912,2025,11,9,6,45,103191.7560668328,110066.94174051796,111631.63726547628,121718.66757741552,104150.16513392174,109204.45387360892,113063.97494724997
2025-11-10 00:00:00,104610.22853607994,2088246864454.0945,60194546960.33833,2025,11,10,0,46,102286.82524827348,110499.52238345638,114419.22169689646,113043.67586321976,103308.83744143939,108923.33896270426,112907.12458680545
2025-11-11 00:00:00,105951.49599987874,2113691346622.1785,68564010180.83136,2025,11,11,1,46,104610.22853607994,106451.70653262926,114085.33123756813,110655.26975977032,103237.37879390361,108766.54650404121,112749.84947713019
2025-11-12 00:00:00,103112.21006199118,2055081880355.954,70852634666.83731,2025,11,12,2,46,105951.49599987874,101480.76659609628,112893.85203624627,115060.88417839336,103470.4421461743,108368.25736682779,112524.21476174181
2025-11-13 00:00:00,101633.69431605682,2025171098463.4424,63477601852.15417,2025,11,13,3,46,103112.21006199118,103878.9335997028,110026.087620204,115226.58429002496,103149.69367708203,107915.16103436219,112338.05837188721
2025-11-14 00:00:00,99480.3070908126,1989587716654.155,102195102447.30595,2025,11,14,4,46,101633.69431605682,101261.6455104612,108409.379924928,113066.35078450407,102895.21675998937,107462.29291123916,112138.98935596837
2025-11-15 00:00:00,94772.61435799382,1883528419611.1135,115272175140.32063,2025,11,15,5,46,99480.3070908126,103191.7560668328,109566.6066188076,110844.40417180728,101692.48223015523,106926.56658411205,111887.60125301049
2025-11-16 00:00:00,95380.13316661112,1906286799108.28,54387419306.11884,2025,11,16,6,46,94772.61435799382,102286.82524827348,110066.94174051796,108168.17353436728,100705.81193277489,106500.29857185349,111641.60988745812
2025-11-17 00:00:00,94188.27668924726,1879821625636.488,72739120446.02757,2025,11,17,0,47,95380.13316661112,104610.22853607994,110499.52238345638,106483.89143637568,99216.96166894164,106090.44474694922,111395.75608633846
2025-11-18 00:00:00,92100.36452360668,1836812997467.337,95883316484.1477,2025,11,18,1,47,94188.27668924726,105951.49599987874,106451.70653262926,107210.0961099579,97238.22860090279,105586.78702740416,111164.68985497353
2025-11-19 00:00:00,92903.18008511196,1852965766035.4404,103824226263.22484,2025,11,19,2,47,92100.36452360668,103112.21006199118,101480.76659609628,108655.50525004532,95779.7957470629,105061.70952190639,110927.49817007614
2025-11-20 00:00:00,91408.3573343969,1824001855237.545,82382857264.52737,2025,11,20,3,47,92903.18008511196,101633.69431605682,103878.9335997028,110535.86301373685,94319.03332111148,104424.12599926173,110693.03249783609
2025-11-21 00:00:00,86618.47155915352,1730169291917.76,99655978116.57716,2025,11,21,4,47,91408.3573343969,99480.3070908126,101261.6455104612,108301.75462476298,92481.62824516019,103701.34989707475,110356.59838424747
2025-11-22 00:00:00,85087.95256265256,1696834479574.6868,134153421262.54707,2025,11,22,5,47,86618.47155915352,94772.61435799382,103191.7560668328,107591.4605093986,91098.10513154,102951.23296551655,110020.54415362341
2025-11-23 00:00:00,84675.50764856212,1689663589864.315,42625485730.96879,2025,11,23,6,47,85087.95256265256,95380.13316661112,102286.82524827348,110109.30522515893,89568.87291467586,102103.43971296331,109701.1330136025
2025-11-24 00:00:00,86740.11773876166,1731240703090.288,60729919440.15148,2025,11,24,0,48,84675.50764856212,94188.27668924726,104610.22853607994,111030.1833786475,88504.85020746363,101293.77085830044,109441.57563340757
2025-11-25 00:00:00,88256.04395603726,1760876158638.0408,77456583961.57693,2025,11,25,1,48,86740.11773876166,92100.36452360668,105951.49599987874,111631.63726547628,87955.66155495371,100514.5844146525,109180.94424756941
2025-11-26 00:00:00,87317.00455056976,1742579106347.7073,67713695255.755325,2025,11,26,2,48,88256.04395603726,92903.18008511196,103112.21006199118,114419.22169689646,87157.63647859055,99611.1771764416,108915.11882426379
2025-11-27 00:00:00,90515.94357835098,1805319494740.8276,69936036009.3311,2025,11,27,3,48,87317.00455056976,91408.3573343969,101633.69431605682,114085.33123756813,87030.1487991554,98825.53092113436,108670.71063088137
2025-11-28 00:00:00,91323.62827620257,1821686350208.8733,59468780651.35936,2025,11,28,4,48,90515.94357835098,86618.47155915352,99480.3070908126,112893.85203624627,87702.31404444813,98106.52346246624,108481.68835448631
2025-11-29 00:00:00,90904.86767344688,1814035459752.682,62799469481.10599,2025,11,29,5,48,91323.62827620257,85087.95256265256,94772.61435799382,110026.087620204,88533.30191741875,97469.14946424101,108282.4509293383
2025-11-30 00:00:00,90832.18685385384,1812771321410.944,39065687179.607704,2025,11,30,6,48,90904.86767344688,84675.50764856212,95380.13316661112,108409.379924928,89412.8275181747,96883.24302853852,108089.190105727
2025-12-01 00:00:00,90359.86873169734,1804580223118.8345,41014032387.06181,2025,12,1,0,49,90832.18685385384,86740.11773876166,94188.27668924726,109566.6066188076,89929.93480287981,96243.01843230153,107879.53293000608
2025-12-02 00:00:00,86303.89766361401,1722165915578.808,91924719323.89912,2025,12,2,1,49,90359.86873169734,88256.04395603726,92100.36452360668,110066.94174051796,89651.05676110506,95450.91696307139,107601.26396745851
2025-12-03 00:00:00,91320.07942505728,1823014041001.2756,82893667270.3484,2025,12,3,2,49,86303.89766361401,87317.00455056976,92903.18008511196,110499.52238345638,90222.92460031756,94811.60219779142,107374.2465431791
2025-12-04 00:00:00,93428.59451478458,1867918440559.5425,81350005230.38739,2025,12,4,3,49,91320.07942505728,90515.94357835098,91408.3573343969,106451.70653262926,90639.01759123664,94377.49846386326,107181.76379973043
2025-12-05 00:00:00,92119.19047831658,1838202452874.2395,67905527468.52411,2025,12,5,4,49,93428.59451478458,91323.62827620257,86618.47155915352,101480.76659609628,90752.66933439579,94065.44592660395,106975.79581640025
2025-12-06 00:00:00,89264.22915485654,1783420367861.1216,51013012514.85347,2025,12,6,5,49,92119.19047831658,90904.86767344688,85087.95256265256,103878.9335997028,90518.2924031686,93578.28911177574,106742.91131857973
2025-12-07 00:00:00,89227.45274823112,1781473275096.9917,24891684287.76675,2025,12,7,6,49,89264.22915485654,90832.18685385384,84675.50764856212,101261.6455104612,90289.04467379392,93177.14935303474,106499.51531915602
2025-12-08 00:00:00,90398.44875659447,1802958541728.722,34924915303.026115,2025,12,8,0,50,89227.45274823112,90359.86873169734,86740.11773876166,103191.7560668328,90294.55610592208,92750.70577602678,106258.6135952897
2025-12-09 00:00:00,90626.0373431212,1808501444019.7495,45380679058.39334,2025,12,9,1,50,90398.44875659447,86303.89766361401,88256.04395603726,102286.82524827348,90912.00463156597,92362.01284585505,106026.44129652622
2025-12-10 00:00:00,92686.10402025311,1850293655502.181,54394509374.267654,2025,12,10,2,50,90626.0373431212,91320.07942505728,87317.00455056976,104610.22853607994,91107.15100230822,91964.54202866081,105789.61888649609
2025-12-11 00:00:00,91986.58107213798,1837368941062.516,52450001646.09194,2025,12,11,3,50,92686.10402025311,93428.59451478458,90515.94357835098,105951.49599987874,90901.14908193015,91499.0448644028,105527.76436686197
2025-12-12 00:00:00,92525.8680026296,1847119089483.3413,52726615852.23652,2025,12,12,4,50,91986.58107213798,92119.19047831658,91323.62827620257,103112.21006199118,90959.24587111772,91146.1667957574,105265.92059975876
2025-12-13 00:00:00,90260.54242242372,1801893841647.4097,67594286634.22623,2025,12,13,5,50,92525.8680026296,89264.22915485654,90904.86767344688,101633.69431605682,91101.57633791304,90767.06173263631,104980.20565563052
2025-12-14 00:00:00,90253.11813342397,1802028910320.9023,35192318973.6756,2025,12,14,6,50,90260.54242242372,89227.45274823112,90832.18685385384,99480.3070908126,91248.09996436916,90459.48876739001,104702.14527360341
2025-12-15 00:00:00,88184.41093067056,1760354230589.3552,34281959962.42461,2025,12,15,0,51,90253.11813342397,90398.44875659447,90359.86873169734,94772.61435799382,90931.80884638002,90239.88198647923,104400.23111843699
2025-12-16 00:00:00,86413.22138097929,1725206666830.8127,50413200076.564606,2025,12,16,1,51,88184.41093067056,90626.0373431212,86303.89766361401,95380.13316661112,90329.97799464547,89940.98492695816,104062.63355533764
2025-12-17 00:00:00,87719.68139798648,1753485223429.683,48224383878.115395,2025,12,17,2,51,86413.22138097929,92686.10402025311,91320.07942505728,94188.27668924726,89620.48904860737,89725.36508391614,103743.61966306997
2025-12-18 00:00:00,86196.82137334664,1718910200047.374,49522842150.097435,2025,12,18,3,51,87719.68139798648,91986.58107213798,93428.59451478458,92100.36452360668,88793.38052020861,89528.58031224083,103399.48303458407
2025-12-19 00:00:00,85450.17964790671,1705923883033.444,58379753047.75993,2025,12,19,4,51,86196.82137334664,92525.8680026296,92119.19047831658,92903.18008511196,87782.56789810534,89280.14696433398,103063.85229931571
2025-12-20 00:00:00,88091.69571216944,1758617508011.9905,51459353843.34712,2025,12,20,5,51,85450.17964790671,90260.54242242372,89264.22915485654,91408.3573343969,87472.7326537833,89169.5915769264,102756.83895888641
2025-12-21 00:00:00,88348.27802016199,1763949555471.3745,16933441829.084406,2025,12,21,6,51,88091.69571216944,90253.11813342397,89227.45274823112,86618.47155915352,87200.61263760303,89227.25179229333,102457.8659568753
2025-12-22 00:00:00,88672.32967904503,1769182018548.0688,22542141406.091,2025,12,22,0,52,88348.27802016199,88184.41093067056,90398.44875659447,85087.95256265256,87270.31531594224,89346.73102950644,102190.97520891554
2025-12-23 00:00:00,88489.72404150236,1767230408064.2593,42394679738.146996,2025,12,23,1,52,88672.32967904503,86413.22138097929,90626.0373431212,84675.50764856212,87566.95855315981,89473.87157593777,101929.72257197746
2025-12-24 00:00:00,87496.14669239183,1745170281695.8684,48245169577.68594,2025,12,24,2,52,88489.72404150236,87719.68139798648,92686.10402025311,86740.11773876166,87535.02502378915,89499.07254105878,101642.82239423189
2025-12-25 00:00:00,87589.01664996856,1749380269942.6577,28866214135.263428,2025,12,25,3,52,87496.14669239183,86196.82137334664,91986.58107213798,88256.04395603726,87733.91006330657,89476.83829752314,101402.33313016355
2025-12-26 00:00:00,87192.23473670239,1741524937162.2537,22750463865.458553,2025,12,26,4,52,87589.01664996856,85450.17964790671,92525.8680026296,87317.00455056976,87982.77507599167,89472.67930372756,101152.68713949637
2025-12-27 00:00:00,87303.04428036696,1743265213477.923,46518276271.203316,2025,12,27,5,52,87192.23473670239,88091.69571216944,90260.54242242372,90515.94357835098,87870.11058573415,89365.58266046144,100904.1082626663
2025-12-28 00:00:00,87852.98655230374,1753170406449.7837,15521583398.6969,2025,12,28,6,52,87303.04428036696,88348.27802016199,90253.11813342397,91323.62827620257,87799.3546617544,89249.89460299813,100633.81479291667
2025-12-29 00:00:00,87867.03943448896,1753776420254.8835,17379845114.74183,2025,12,29,0,1,87852.98655230374,88672.32967904503,88184.41093067056,90904.86767344688,87684.3131982464,89148.63366169954,100339.81332732158
2025-12-30 00:00:00,87154.68240604762,1740448227093.1155,53486264296.63849,2025,12,30,1,1,87867.03943448896,88489.72404150236,86413.22138097929,90832.18685385384,87493.59296461,89026.050180106,100040.55964481643
2025-12-31 00:00:00,88363.72223633934,1765901370591.8586,39887379620.636406,2025,12,31,2,1,87154.68240604762,87496.14669239183,87719.68139798648,90359.86873169734,87617.53232803107,88959.51196359406,99700.92372395172
2026-01-01 00:00:00,87575.04615968224,1748854230148.607,39392066176.06047,2026,1,1,3,1,88363.72223633934,87589.01664996856,86196.82137334664,86303.89766361401,87615.53654370447,89001.88358012968,99334.92892732745
2026-01-02 00:00:00,88764.12624075128,1772643389813.6357,20428177253.73692,2026,1,2,4,1,87575.04615968224,87192.23473670239,85450.17964790671,91320.07942505728,87840.0924728543,88916.68514065281,98962.36450314213
2026-01-03 00:00:00,89978.91920361611,1796943351423.4443,45168875313.07379,2026,1,3,5,1,88764.12624075128,87303.04428036696,88091.69571216944,93428.59451478458,88222.36031903276,88801.69596361388,98601.80926503227
2026-01-04 00:00:00,90614.40684381907,1809678441959.2795,22325348071.737984,2026,1,4,6,1,89978.91920361611,87852.98655230374,88348.27802016199,92119.19047831658,88616.84893210638,88751.5365091306,98236.53900110789
2026-01-05 00:00:00,91879.5772256957,1834987309777.0288,26083966420.127327,2026,1,5,0,2,90614.40684381907,87867.03943448896,88672.32967904503,89264.22915485654,89190.06861656449,88838.71477815858,97871.42529374767
2026-01-06 00:00:00,93879.9479734475,1874977643561.6355,55002520537.91729,2026,1,6,1,2,91879.5772256957,87154.68240604762,88489.72404150236,89227.45274823112,90150.82084047876,88993.79795233246,97564.94562587886
2026-01-07 00:00:00,93649.6319764084,1870414277860.5935,54207403508.290565,2026,1,7,2,2,93879.9479734475,88363.72223633934,87496.14669239183,90398.44875659447,90905.95080334577,89102.17072632627,97235.01948453335
2026-01-08 00:00:00,91286.03314397692,1823249641248.364,43637876514.88601,2026,1,8,3,2,93649.6319764084,87575.04615968224,87589.01664996856,90626.0373431212,91436.09180110214,89124.17058635478,96896.87910193959
2026-01-09 00:00:00,91027.66616983686,1818127709176.3096,45523345076.77888,2026,1,9,4,2,91286.03314397692,88764.12624075128,87192.23473670239,92686.10402025311,91759.45464811436,89068.88932467424,96652.25677201312
2026-01-10 00:00:00,90551.71363174269,1808660912220.566,40577564756.70896,2026,1,10,5,2,91027.66616983686,89978.91920361611,87303.04428036696,91986.58107213798,91841.28242356102,89021.06040999439,96428.88392614613
2026-01-11 00:00:00,90420.29795170767,1806081524434.709,13130560424.187477,2026,1,11,6,2,90551.71363174269,90614.40684381907,87852.98655230374,92525.8680026296,91813.55258183081,88950.87474163034,96155.09963473851
2026-01-12 00:00:00,90856.55910152226,1814830239671.1992,18738794931.937737,2026,1,12,0,3,90420.29795170767,91879.5772256957,87867.03943448896,90260.54242242372,91667.40713552033,88970.74196426694,95884.32157708847
2026-01-13 00:00:00,91200.62761511702,1821743571887.9038,44068501423.7581,2026,1,13,1,3,90856.55910152226,93879.9479734475,87154.68240604762,90253.11813342397,91284.64708433025,89002.32561365672,95641.36909742864
2026-01-14 00:00:00,95429.1573224277,1906249903552.0205,62945393253.68035,2026,1,14,2,3,91200.62761511702,93649.6319764084,88363.72223633934,88184.41093067056,91538.86499090445,89243.81716004862,95470.08857687998
2026-01-15 00:00:00,96898.76071081961,1935642376552.2793,61382472736.98417,2026,1,15,3,3,95429.1573224277,91286.03314397692,87575.04615968224,86413.22138097929,92340.68321473911,89593.33513770998,95344.87287884054
2026-01-16 00:00:00,95593.30783680787,1909607764838.513,55642771728.32982,2026,1,16,4,3,96898.76071081961,91027.66616983686,88764.12624075128,87719.68139798648,92992.91773859212,89855.78935233735,95223.8663944009
2026-01-17 00:00:00,95523.1861982478,1908245771104.619,34566775915.66836,2026,1,17,5,3,95593.30783680787,90551.71363174269,89978.91920361611,86196.82137334664,93703.12810523571,90166.66817983406,95094.01183982634
2026-01-18 00:00:00,94802.88170431636,1893940780540.7515,339120955.93127555,2026,1,18,6,3,95523.1861982478,90420.29795170767,90614.40684381907,85450.17964790671,94329.21149846552,90478.4249150477,94940.09380042936
2026-01-19 00:00:00,93344.2194849136,1864801600128.905,21298841865.41941,2026,1,19,0,4,94802.88170431636,90856.55910152226,91879.5772256957,88091.69571216944,94684.5915532357,90653.50904080583,94749.07553899799
2026-01-20 00:00:00,92566.01277952259,1849293615306.6567,39097643741.27547,2026,1,20,1,4,93344.2194849136,91200.62761511702,93879.9479734475,88348.27802016199,94879.64657672223,90794.1001994512,94574.23396293976
2026-01-21 00:00:00,88416.88686186896,1766441725515.5132,56511733044.1349,2026,1,21,2,4,92566.01277952259,95429.1573224277,93649.6319764084,88672.32967904503,93877.89365378524,90785.58543887867,94361.18314463389
2026-01-22 00:00:00,89453.90473719541,1787198131481.9512,57881569376.12667,2026,1,22,3,4,88416.88686186896,96898.76071081961,91286.03314397692,88489.72404150236,92814.34280041036,90817.72479540178,94131.67869476762
2026-01-23 00:00:00,89483.65163014928,1787836917555.1865,36359870189.76939,2026,1,23,4,4,89453.90473719541,95593.30783680787,91027.66616983686,87496.14669239183,91941.53477088771,90883.97495999369,93892.27278645097
2026-01-24 00:00:00,89524.84864062016,1788698866227.4563,39792198050.71474,2026,1,24,5,4,89483.65163014928,95523.1861982478,90551.71363174269,87589.01664996856,91084.62940551234,90948.50269301541,93646.64180173035
2026-01-25 00:00:00,89149.95970929884,1781238125881.8794,15238062167.099787,2026,1,25,6,4,89524.84864062016,94802.88170431636,90420.29795170767,87192.23473670239,90277.06912050983,91013.76019210197,93365.87222409037
2026-01-26 00:00:00,86625.33128140382,1730823322190.6162,36938952712.340645,2026,1,26,0,5,89149.95970929884,93344.2194849136,90856.55910152226,87303.04428036696,89317.22794857985,90991.16975880318,93060.76111346632
2026-01-27 00:00:00,88249.90141827049,1763317661992.5044,46474269066.90061,2026,1,27,1,5,86625.33128140382,92566.01277952259,91200.62761511702,87852.98655230374,88700.64061125813,91004.40025433541,92786.93943993327
2026-01-28 00:00:00,89141.65035979386,1781169624000.1633,36377691323.13106,2026,1,28,2,5,88249.90141827049,88416.88686186896,95429.1573224277,87867.03943448896,88804.17825381884,91046.8872851789,92554.89013703981
2026-01-29 00:00:00,89212.20824183176,1782608191361.8965,42462716313.97241,2026,1,29,3,5,89141.65035979386,89453.90473719541,96898.76071081961,87154.68240604762,88769.6501830526,91115.47147970504,92341.58822944986
2026-01-30 00:00:00,84630.42066738439,1691092174731.011,65376348930.41441,2026,1,30,4,5,89212.20824183176,89483.65163014928,95593.30783680787,88363.72223633934,88076.33147408618,90991.0280940732,92064.51949665626
2026-01-31 00:00:00,84091.63017682909,1680358897717.733,75170512251.03844,2026,1,31,5,5,84630.42066738439,89524.84864062016,95523.1861982478,87575.04615968224,87300.15740783032,90874.9142279781,91775.9049237264
2026-02-01 00:00:00,78647.02739790398,1571576493914.8904,71926455760.10817,2026,2,1,6,5,84091.63017682909,89149.95970929884,94802.88170431636,88764.12624075128,85799.73850620248,90537.67759988319,91421.98831277582
2026-02-02 00:00:00,76895.58665593083,1536578056063.6562,48233643712.95648,2026,2,2,0,6,78647.02739790398,86625.33128140382,93344.2194849136,89978.91920361611,84409.77498827777,90101.56651496034,91093.58698081248
2026-02-03 00:00:00,78670.58922752787,1572047321850.9954,73991985457.52467,2026,2,3,1,6,76895.58665593083,88249.90141827049,92566.01277952259,90614.40684381907,83041.30181817168,89703.43926108399,90840.14056560617
2026-02-04 00:00:00,75628.04173330522,1511249141910.282,72233317228.06505,2026,2,4,2,6,78670.58922752787,89141.65035979386,88416.88686186896,91879.5772256957,81110.78630010188,89161.72141133762,90526.24176709066
2026-02-05 00:00:00,73059.17986713687,1460053444889.3728,68374355882.45056,2026,2,5,3,6,75628.04173330522,89212.20824183176,89453.90473719541,93879.9479734475,78803.2108180026,88467.69580779393,90212.88103772038
2026-02-06 00:00:00,62778.217566354324,1254617718584.4033,129134440971.82802,2026,2,6,4,6,73059.17986713687,84630.42066738439,89483.65163014928,93649.6319764084,75681.46751785546,87438.64866079214,89763.84172104839
2026-02-07 00:00:00,70272.52223140873,1404422427900.4514,126396906616.22752,2026,2,7,5,6,62778.217566354324,84091.63017682909,89524.84864062016,91286.03314397692,73707.30923993826,86738.19829703985,89408.12724308323
2026-02-08 00:00:00,69245.78200906444,1383938789934.4868,64250664588.4053,2026,2,8,6,6,70272.52223140873,78647.02739790398,89149.95970929884,91027.66616983686,72364.27418438975,86012.13549168079,89015.18894833862
2026-02-09 00:00:00,70398.0850329669,1407004286702.8896,40089087531.667786,2026,2,9,0,7,69245.78200906444,76895.58665593083,86625.33128140382,90551.71363174269,71436.05966682348,85340.34787172159,88620.15104870626
2026-02-10 00:00:00,70175.14749173766,1402584286978.939,53925112157.0578,2026,2,10,1,7,70398.0850329669,78670.58922752787,88249.90141827049,90420.29795170767,70222.42513313916,84665.50952305594,88254.18368681455
2026-02-11 00:00:00,68841.8723764457,1376158047090.4307,41873860130.18897,2026,2,11,2,7,70175.14749173766,75628.04173330522,89141.65035979386,90856.55910152226,69252.97236787352,83931.68663222004,87889.83010970776
2026-02-12 00:00:00,67090.5793396472,1340996637525.7053,52281220867.25625,2026,2,12,3,7,68841.8723764457,73059.17986713687,89212.20824183176,91200.62761511702,68400.3151496607,83128.01835637105,87529.94424580593
2026-02-13 00:00:00,66258.52954947444,1324400733134.6533,45369992005.59255,2026,2,13,4,7,67090.5793396472,62778.217566354324,84630.42066738439,95429.1573224277,68897.50257582073,82155.6640972726,87213.12108126681
2026-02-14 00:00:00,68837.58112429692,1375985529045.6062,40892558813.499725,2026,2,14,5,7,66258.52954947444,70272.52223140873,84091.63017682909,96898.76071081961,68692.51098909046,81220.29144438851,86918.20383635223
2026-02-15 00:00:00,69799.5509626349,1395251772208.4526,36727480880.995705,2026,2,15,6,7,68837.58112429692,69245.78200906444,78647.02739790398,95593.30783680787,68771.62083960052,80360.49954858275,86647.21799494543
2026-02-16 00:00:00,68778.84298479716,1374891409746.7566,40162771612.068054,2026,2,16,0,8,69799.5509626349,70398.0850329669,76895.58665593083,95523.1861982478,68540.30054700487,79469.02144146772,86388.08997784753
2026-02-17 00:00:00,68859.77618747062,1376546726938.174,34628731308.789856,2026,2,17,1,8,68778.84298479716,70175.14749173766,78670.58922752787,94802.88170431636,68352.39036068099,78604.25125757286,86120.94104565152
2026-02-18 00:00:00,67559.29573331702,1350583353307.6948,35232805957.963844,2026,2,18,2,8,68859.77618747062,68841.8723764457,75628.04173330522,93344.2194849136,68169.16512594833,77744.75379918632,85855.95147230619
2026-02-19 00:00:00,66426.61953458567,1327971882876.0806,33982301570.40156,2026,2,19,3,8,67559.29573331702,67090.5793396472,73059.17986713687,92566.01277952259,68074.31372522525,76873.44069102175,85631.59756092209
2026-02-20 00:00:00,66976.02936410521,1338989802249.3938,32382298212.42231,2026,2,20,4,8,66426.61953458567,66258.52954947444,62778.217566354324,88416.88686186896,68176.81369874392,76158.7454410963,85430.35396982713
2026-02-21 00:00:00,68002.9401106256,1359548508149.9219,50312214815.706154,2026,2,21,5,8,66976.02936410521,68837.58112429692,70272.52223140873,89453.90473719541,68057.57926821944,75443.7132868773,85245.10321940562
2026-02-22 00:00:00,68026.03124326779,1360035939392.7476,19319150166.173923,2026,2,22,6,8,68002.9401106256,69799.5509626349,69245.78200906444,89483.65163014928,67804.21930830987,74728.45927398124,85037.16892501122
2026-02-23 00:00:00,65192.18870120006,1303412071350.4219,21560319889.519894,2026,2,23,0,9,68026.03124326779,68778.84298479716,70398.0850329669,89524.84864062016,67291.84012493884,73917.37060933391,84780.90386662415
2026-02-24 00:00:00,64737.90196985264,1294359253920.9185,48924949103.35122,2026,2,24,1,9,65192.18870120006,68859.77618747062,70175.14749173766,89149.95970929884,66703.00095099343,73103.63535135236,84530.02494906064
2026-02-25 00:00:00,64073.54894566756,1281109347803.1018,41350119554.20219,2026,2,25,2,9,64737.90196985264,67559.29573331702,68841.8723764457,86625.33128140382,66205.03712418636,72351.9092734945,84236.22056425303
2026-02-26 00:00:00,67850.10521282951,1356652404814.3232,47180923359.080025,2026,2,26,3,9,64073.54894566756,66426.61953458567,67090.5793396472,88249.90141827049,66408.39222107835,71671.91606664647,83975.40364132666
2026-02-27 00:00:00,67496.84163950248,1349617910213.303,39031524535.381454,2026,2,27,4,9,67850.10521282951,66976.02936410521,66258.52954947444,89141.65035979386,66482.79397470652,70950.42244263674,83715.31446317173
2026-02-28 00:00:00,65891.22197698704,1317542293327.2354,37742232580.72011,2026,2,28,5,9,67496.84163950248,68002.9401106256,68837.58112429692,89212.20824183176,66181.1199556153,70173.05623380859,83438.19263120655
2026-03-01 00:00:00,67017.07604771722,1340085381689.69,41709946431.8835,2026,3,1,6,9,65891.22197698704,68026.03124326779,69799.5509626349,84630.42066738439,66036.98349910809,69585.94474648635,83178.82826805122
2026-03-02 00:00:00,65824.42166938317,1316266670911.0593,38811585997.47521,2026,3,2,0,10,67017.07604771722,65192.18870120006,68778.84298479716,84091.63017682909,66127.3024945628,68977.03779623816,82951.27853478197
2026-03-03 00:00:00,68815.9363388441,1376116545555.9185,54357544833.320946,2026,3,3,1,10,65824.42166938317,64737.90196985264,68859.77618747062,78647.02739790398,66709.87883299016,68649.33476093617,82701.23250049072
2026-03-04 00:00:00,68287.46303403362,1365575947099.492,46018172072.016,2026,3,4,2,10,68815.9363388441,64073.54894566756,67559.29573331702,76895.58665593083,67311.8665598996,68362.39730687292,82421.88659514904
2026-03-05 00:00:00,72752.30156666112,1454892523976.9167,73011893269.31757,2026,3,5,3,10,68287.46303403362,67850.10521282951,66426.61953458567,78670.58922752787,68012.18032473268,68165.1210515107,82206.6989405751
2026-03-06 00:00:00,70868.21819643723,1417251399988.9395,47524397870.037544,2026,3,6,4,10,72752.30156666112,67496.84163950248,66976.02936410521,75628.04173330522,68493.80554715192,68006.46026694843,82002.29881881489
2026-03-07 00:00:00,68142.88312387785,1362780115876.562,39123856299.45234,2026,3,7,5,10,70868.21819643723,65891.22197698704,68002.9401106256,73059.17986713687,68815.47142527919,67842.5837088398,81768.02582298873
2026-03-08 00:00:00,67339.67440056572,1346745070785.4204,21800679517.848392,2026,3,8,6,10,68142.88312387785,67017.07604771722,68026.03124326779,62778.217566354324,68861.55690425755,67994.63226998018,81511.81721903286
2026-03-09 00:00:00,66042.7510790264,1320834944584.2002,30233312686.233253,2026,3,9,0,11,67339.67440056572,65824.42166938317,65192.18870120006,70272.52223140873,68892.74681992087,67853.63989823409,81238.66959387624
2026-03-10 00:00:00,68430.60926017091,1368620260015.3108,43658034305.22108,2026,3,10,1,11,66042.7510790264,68815.9363388441,64737.90196985264,69245.78200906444,68837.70009439612,67826.46747327098,80969.16409654201
2026-03-11 00:00:00,69849.2035305081,1397023116314.9353,45913537650.7469,2026,3,11,2,11,68430.60926017091,68287.46303403362,64073.54894566756,70398.0850329669,69060.80587960676,67808.17142318902,80723.19323496833
2026-03-12 00:00:00,70028.95987601393,1400647685843.0374,384518713.1022658,2026,3,12,3,11,69849.2035305081,72752.30156666112,67850.10521282951,70175.14749173766,68671.75706665717,67803.2985026649,80473.22758911706
2026-03-13 00:00:00,70417.19388567522,1408442180116.169,35693537178.30585,2026,3,13,4,11,70028.95987601393,70868.21819643723,67496.84163950248,68841.8723764457,68607.3250222626,67855.80921963921,80252.74593870874
2026-03-14 00:00:00,70838.93230193328,1416903889270.9753,53200875874.63812,2026,3,14,5,11,70417.19388567522,68142.88312387785,65891.22197698704,67090.5793396472,68992.47490484195,67980.75431838208,80037.03276280328
2026-03-15 00:00:00,71149.2823885419,1423139472519.362,20019694459.73024,2026,3,15,6,11,70838.93230193328,67339.67440056572,67017.07604771722,66258.52954947444,69536.70461740997,68143.77941301766,79847.75355677964
2026-03-16 00:00:00,72934.2940718683,1458870696938.544,24398877932.69607,2026,3,16,0,12,71149.2823885419,66042.7510790264,65824.42166938317,68837.58112429692,70521.21075924452,68280.33651127004,79697.9876977895
2026-03-17 00:00:00,74679.37090810013,1493807199550.5852,46895173926.528305,2026,3,17,1,12,72934.2940718683,68430.60926017091,68815.9363388441,69799.5509626349,71413.89099466297,68442.99717611888,79553.095359013
2026-03-18 00:00:00,74004.69080880683,1480319012450.2678,41402228682.37158,2026,3,18,2,12,74679.37090810013,69849.2035305081,68287.46303403362,68778.84298479716,72007.53203441994,68617.19210358587,79417.62724162922
2026-03-19 00:00:00,71220.04730260483,1424617668656.0383,39350060117.86037,2026,3,19,3,12,74004.69080880683,70028.95987601393,72752.30156666112,68859.77618747062,72177.68738107578,68695.86780742368,79259.51466001476
2026-03-20 00:00:00,69936.19932093748,1398936802273.2832,38065438932.54481,2026,3,20,4,12,71220.04730260483,70417.19388567522,70868.21819643723,67559.29573331702,72108.97387182753,68775.09792701103,79057.78692233439
2026-03-21 00:00:00,70526.28915957874,1410740394689.4873,32603143140.635445,2026,3,21,5,12,69936.19932093748,70838.93230193328,68142.88312387785,66426.61953458567,72064.31056577689,68911.75358117747,78859.76482388347
2026-03-22 00:00:00,68424.07687771624,1368689752020.2637,19470795501.026283,2026,3,22,6,12,70526.28915957874,71149.2823885419,67339.67440056572,66976.02936410521,71674.99549280178,68960.02183163117,78634.78423720204
2026-03-23 00:00:00,67933.42948137881,1358875311053.488,25352216480.721107,2026,3,23,0,13,68424.07687771624,72934.2940718683,66042.7510790264,68002.9401106256,70960.58626558901,68957.70481065627,78406.38096431179
2026-03-24 00:00:00,70987.25185405998,1419961051288.5916,46905271506.270256,2026,3,24,1,13,67933.42948137881,74679.37090810013,68430.60926017091,68026.03124326779,70433.14068644041,69056.41216434936,78222.94879944142
2026-03-25 00:00:00,70528.86345595501,1410791888450.5967,32603022085.42079,2026,3,25,2,13,70987.25185405998,74004.69080880683,69849.2035305081,65192.18870120006,69936.5939217473,69234.30132284117,78033.39154173016
2026-03-26 00:00:00,71303.58545062262,1426288685822.9785,31347153732.467434,2026,3,26,3,13,70528.86345595501,71220.04730260483,70028.95987601393,64737.90196985264,69948.5279428927,69453.15743886685,77856.85099410705
2026-03-27 00:00:00,68727.2122901201,1374753382709.4006,45867404479.40452,2026,3,27,4,13,71303.58545062262,69936.19932093748,70417.19388567522,64073.54894566756,69775.81550991879,69608.2795503486,77650.4528608821
2026-03-28 00:00:00,66329.88185741157,1326825214972.8843,43169558848.59394,2026,3,28,5,13,68727.2122901201,70526.28915957874,70838.93230193328,67850.10521282951,69176.32875246633,69557.60543850133,77411.30725316107
2026-03-29 00:00:00,66388.84446013413,1328338671604.5044,21059002641.18555,2026,3,29,6,13,66329.88185741157,68424.07687771624,71149.2823885419,67496.84163950248,68885.58126424032,69520.67219918905,77172.6606423349
2026-03-30 00:00:00,65947.03192607871,1319528951993.3867,22702400222.698208,2026,3,30,0,14,66388.84446013413,67933.42948137881,72934.2940718683,65891.22197698704,68601.81018491174,69522.53253082544,76937.02008144635
2026-03-31 00:00:00,66691.27147786925,1334447058898.83,34064201546.291615,2026,3,31,1,14,65947.03192607871,70987.25185405998,74679.37090810013,67017.07604771722,67988.09870259877,69511.67237849717,76696.21507301892
2026-04-01 00:00:00,68107.47456405059,1362813266728.113,51983877859.265175,2026,4,1,2,14,66691.27147786925,70528.86345595501,74004.69080880683,65824.42166938317,67642.18600375528,69587.77414165276,76479.90872195634
2026-04-02 00:00:00,67959.87524726024,1362985792271.1128,48409464466.14032,2026,4,2,3,14,68107.47456405059,71303.58545062262,71220.04730260483,68815.9363388441,67164.51311756065,69559.23877193329,76248.75037758422
2026-04-03 00:00:00,66887.51063938277,1341478723293.2266,48489330158.05017,2026,4,3,4,14,67959.87524726024,68727.2122901201,69936.19932093748,68287.46303403362,66901.69859602675,69512.5736921116,75992.17917131496
2026-04-04 00:00:00,66822.55230312092,1340175935595.4512,27881704293.27623,2026,4,4,5,14,66887.51063938277,66329.88185741157,70526.28915957874,72752.30156666112,66972.08008827094,69314.91538332692,75727.82523197385
2026-04-05 00:00:00,67077.1500532805,1345282082641.0298,18349404855.726543,2026,4,5,6,14,66822.55230312092,66388.84446013413,68424.07687771624,70868.21819643723,67070.40945872043,69188.5464452217,75452.24270783592
2026-04-06 00:00:00,69002.03847938096,1383887150218.5754,23859752469.910007,2026,4,6,0,15,67077.1500532805,65947.03192607871,67933.42948137881,68142.88312387785,67506.83896633502,69217.1849570718,75175.82149123517
2026-04-07 00:00:00,68672.24657456316,1377272928532.069,46866527625.05277,2026,4,7,1,15,69002.03847938096,66691.27147786925,70987.25185405998,67339.67440056572,67789.83540871987,69261.60402953839,74898.29498677023
2026-04-08 00:00:00,71661.76372427847,1437229916180.8518,59114621689.24899,2026,4,8,2,15,68672.24657456316,68107.47456405059,70528.86345595501,66042.7510790264,68297.59100303815,69448.9044510468,74680.24754877358
2026-04-09 00:00:00,70644.79416156793,1416833835992.307,42187302136.25613,2026,4,9,3,15,71661.76372427847,67959.87524726024,71303.58545062262,68430.60926017091,68681.15084793924,69522.71061442669,74453.77119312616
2026-04-10 00:00:00,71367.80291658688,1431334313769.7168,41307213904.3155,2026,4,10,4,15,70644.79416156793,66887.51063938277,68727.2122901201,69849.2035305081,69321.19260182555,69573.33059396264,74240.61662962442
2026-04-11 00:00:00,72920.25491187068,1459433492592.4358,32133663126.52619,2026,4,11,5,15,71367.80291658688,66822.55230312092,66329.88185741157,70028.95987601393,70192.29297450407,69669.70709515788,74046.17170695956
2026-04-12 00:00:00,73021.85968305328,1461495718539.031,20344402241.871456,2026,4,12,6,15,72920.25491187068,67077.1500532805,66388.84446013413,70417.19388567522,71041.53720732876,69756.52928840382,73848.00838008769
2026-04-13 00:00:00,70660.63961180339,1414271995223.8486,25034828600.5945,2026,4,13,0,16,73021.85968305328,69002.03847938096,65947.03192607871,70838.93230193328,71278.48022624626,69750.58619873281,73619.78629116197
2026-04-14 00:00:00,74481.64142860245,1490782825115.7065,46453393066.73657,2026,4,14,1,16,70660.63961180339,68672.24657456316,66691.27147786925,71149.2823885419,72108.39377682329,69861.6648334015,73387.03611456392
2026-04-15 00:00:00,74297.34759499803,1487131028728.5823,48364585958.60738,2026,4,15,2,16,74481.64142860245,71661.76372427847,68107.47456405059,72934.2940718683,72484.90575835467,69907.09995083915,73135.90930216589
2026-04-16 00:00:00,74826.31308825641,1497750345420.939,30548536736.731777,2026,4,16,3,16,74297.34759499803,70644.79416156793,67959.87524726024,74679.37090810013,73082.26560502444,69911.99802351104,72905.16491607089
2026-04-17 00:00:00,75111.95674547968,1503501691790.5283,37873936871.25348,2026,4,17,4,16,74826.31308825641,71367.80291658688,66887.51063938277,74004.69080880683,73617.14472343771,69948.90688806679,72678.3734777068
2026-04-18 00:00:00,77125.73357198425,1543846478607.006,56342990648.43905,2026,4,18,5,16,75111.95674547968,72920.25491187068,66822.55230312092,71220.04730260483,74217.92738916821,70145.76309704612,72481.96072068089
2026-04-19 00:00:00,75716.15083727139,1515666221261.281,62821159706.721344,2026,4,19,6,16,77125.73357198425,73021.85968305328,67077.1500532805,69936.19932093748,74602.8261254851,70338.42814759056,72286.09329126263
2026-04-20 00:00:00,73841.02173808741,1478167516521.3162,57237273536.28347,2026,4,20,0,17,75716.15083727139,70660.63961180339,69002.03847938096,70526.28915957874,75057.16642923994,70448.91923354086,72078.03783524668
2026-04-21 00:00:00,75858.03546790924,1518576144441.9805,38028896900.98471,2026,4,21,1,17,73841.02173808741,74481.64142860245,68672.24657456316,68424.07687771624,75253.79414914091,70696.71785321395,71938.49504198048
2026-04-22 00:00:00,76326.19170242558,1527978534936.1682,36823423505.230736,2026,4,22,2,17,75858.03546790924,74297.34759499803,71661.76372427847,67933.42948137881,75543.62902163058,70976.47659391552,71792.63156381637
2026-04-23 00:00:00,78238.81675008619,1566300505390.8323,43578270461.27342,2026,4,23,3,17,76326.19170242558,74826.31308825641,70644.79416156793,70987.25185405998,76031.12954474911,71218.19542378307,71667.68895403788
2026-04-24 00:00:00,78275.32582745969,1567060751418.8237,35972701648.49312,2026,4,24,4,17,78238.81675008619,75111.95674547968,71367.80291658688,70528.86345595501,76483.03941360339,71476.41083616654,71542.69425611389
2026-04-25 00:00:00,77447.61757991764,1550525699949.4888,30716822790.47169,2026,4,25,5,17,78275.32582745969,77125.73357198425,72920.25491187068,71303.58545062262,76529.02284330816,71681.21190714305,71412.66823245409
2026-04-26 00:00:00,77634.51592192693,1554301467547.4663,16174475761.220406,2026,4,26,6,17,77447.61757991764,75716.15083727139,73021.85968305328,68727.2122901201,76803.07499825895,71978.12202820327,71312.77028401545
2026-04-27 00:00:00,78637.74356150378,1574424193250.3992,20900479735.89463,2026,4,27,0,18,77634.51592192693,73841.02173808741,70660.63961180339,66329.88185741157,77488.32097303272,72388.38408500636,71205.96853005138
2026-04-28 00:00:00,77366.78442217235,1549011607727.6,36623099926.89533,2026,4,28,1,18,78637.74356150378,75858.03546790924,74481.64142860245,66388.84446013413,77703.85653792744,72754.3154170743,71075.13668630003
2026-04-29 00:00:00,76331.86443470464,1528322543597.082,31323204486.623787,2026,4,29,2,18,77366.78442217235,76326.19170242558,74297.34759499803,65947.03192607871,77704.66692825302,73100.47650069515,70932.02175510973
2026-04-30 00:00:00,75784.95743624517,1517396428631.6455,40874217836.06377,2026,4,30,3,18,76331.86443470464,78238.81675008619,74826.31308825641,66691.27147786925,77354.11559770431,73403.59936597434,70833.7388303193
2026-05-01 00:00:00,76296.7964844269,1527677404068.2952,30542237537.2747,2026,5,1,4,18,75784.95743624517,78275.32582745969,75111.95674547968,68107.47456405059,77071.46854869963,73676.57676332023,70747.12956707038
2026-05-02 00:00:00,78207.76425489692,1565978464498.2485,38346005217.71241,2026,5,2,5,18,76296.7964844269,77447.61757991764,77125.73357198425,67959.87524726024,77180.06093083952,74018.1730635748,70742.24886548141
2026-05-03 00:00:00,78677.4246327222,1575399064359.2305,17470305785.684418,2026,5,3,6,18,78207.76425489692,77634.51592192693,75716.15083727139,66887.51063938277,77329.04788952458,74411.1701966861,70762.04706522354
2026-05-04 00:00:00,78512.09246456268,1572088532218.1125,21039106932.465828,2026,5,4,0,19,78677.4246327222,78637.74356150378,73841.02173808741,66822.55230312092,77311.09773281869,74800.82153540083,70760.28599007949
2026-05-05 00:00:00,79825.8751129579,1598395086667.69,52799152390.05931,2026,5,5,1,19,78512.09246456268,77366.78442217235,75858.03546790924,67077.1500532805,77662.39640293091,75225.77903739008,70806.92858318673
2026-05-06 00:00:00,80913.9613749304,1620321738625.5952,39631525763.1694,2026,5,6,2,19,79825.8751129579,76331.86443470464,76326.19170242558,69002.03847938096,78316.98168010602,75622.84313390839,70894.20393327333
2026-05-07 00:00:00,81436.85936825167,1630826287118.407,40136984275.35361,2026,5,7,3,19,80913.9613749304,75784.95743624517,78238.81675008619,68672.24657456316,79124.39624182123,76048.33022703134,71101.52217551663
2026-05-08 00:00:00,80024.90767231231,1602589764458.0776,36710760520.09051,2026,5,8,4,19,81436.85936825167,76296.7964844269,78275.32582745969,71661.76372427847,79656.98355437629,76327.10169196578,71209.8820137489
2026-05-09 00:00:00,80197.2669977041,1606077785283.5508,33093795788.664837,2026,5,9,5,19,80024.90767231231,78207.76425489692,77447.61757991764,70644.79416156793,79941.19823192018,76645.51745317034,71331.56518028933
2026-05-10 00:00:00,80677.64981723971,1615741619629.0364,17383014966.83854,2026,5,10,6,19,80197.2669977041,78677.4246327222,77634.51592192693,71367.80291658688,80226.94468685125,76955.84568319209,71445.78256678126
2026-05-11 00:00:00,82018.3711243874,1645004741191.1208,19419025189.8614,2026,5,11,0,20,80677.64981723971,78512.09246456268,78637.74356150378,72920.25491187068,80727.84163825479,77259.11622360932,71577.37394047737
2026-05-12 00:00:00,81627.56604995472,1637166543583.5588,28389853562.446438,2026,5,12,1,20,82018.3711243874,79825.8751129579,77366.78442217235,73021.85968305328,80985.22605782576,77545.97310250603,71719.43720351635
2026-05-13 00:00:00,80482.14377829393,1611939835949.311,30589600639.610733,2026,5,13,2,20,81627.56604995472,80913.9613749304,76331.86443470464,70660.63961180339,80923.53782973484,77873.35657472238,71868.23236394576
2026-05-14 00:00:00,79288.8420865621,1588073918775.3318,32707131746.748478,2026,5,14,3,20,80482.14377829393,81436.85936825167,75784.95743624517,74481.64142860245,80616.6782180649,78033.59659665437,72013.01361435786
2026-05-15 00:00:00,81059.11595417073,1623569996402.9607,42298040589.51437,2026,5,15,4,20,79288.8420865621,80024.90767231231,76296.7964844269,74297.34759499803,80764.42225833038,78258.98887529346,72148.8084458009
2026-05-16 00:00:00,79068.6684041429,1583735228276.758,36216900888.56351,2026,5,16,5,20,81059.11595417073,80197.2669977041,78207.76425489692,74826.31308825641,80603.19388782163,78400.40071915634,72251.79863959542
2026-05-17 00:00:00,78132.7535126921,1565026633721.2126,23762381350.057053,2026,5,17,6,20,79068.6684041429,80677.64981723971,78677.4246327222,75111.95674547968,80239.63727288626,78501.09394473009,72355.73097879426
2026-05-18 00:00:00,77428.51866052429,1550931401030.0012,20316786825.924442,2026,5,18,0,21,78132.7535126921,82018.3711243874,78512.09246456268,77125.73357198425,79583.94406376297,78511.18678101477,72450.93922849486
2026-05-19 00:00:00,76959.40571528324,1541593557490.7017,42702548815.67563,2026,5,19,1,21,77428.51866052429,81627.56604995472,79825.8751129579,75716.15083727139,78917.06401595275,78552.62861028183,72555.38489496114
2026-05-20 00:00:00,76758.73155866472,1537607115376.3884,27147623318.02886,2026,5,20,2,21,76959.40571528324,80482.14377829393,80913.9613749304,73841.02173808741,78385.14798457715,78649.88560430107,72670.18613967313
2026-05-21 00:00:00,77470.39614899461,1551898053923.3093,26876818823.914783,2026,5,21,3,21,76758.73155866472,79288.8420865621,81436.85936825167,75858.03546790924,78125.36999349609,78703.63096033726,72786.79021506078
2026-05-22 00:00:00,77550.38308320483,1553532857238.0518,26822828450.39911,2026,5,22,4,21,77470.39614899461,81059.11595417073,80024.90767231231,76326.19170242558,77624.12244050096,78744.43733969657,72892.87291475611
2026-05-23 00:00:00,75478.38285862996,1512062217726.077,28286947097.462727,2026,5,23,5,21,77550.38308320483,79068.6684041429,80197.2669977041,78238.81675008619,77111.22450542767,78652.42287664801,72975.67682159347
2026-05-24 00:00:00,76684.37097078416,1536256575896.3174,30932098861.218105,2026,5,24,6,21,75478.38285862996,78132.7535126921,80677.64981723971,78275.32582745969,76904.31271372654,78599.39104809216,73103.36773569997
2026-05-25 00:00:00,77016.06581859986,1542935472694.078,21763916479.84379,2026,5,25,0,22,76684.37097078416,77428.51866052429,82018.3711243874,77447.61757991764,76845.39087916592,78585.00598938158,73239.79177846381
2026-05-26 00:00:00,77258.39912360838,1547829534321.9758,19879317349.277992,2026,5,26,1,22,77016.06581859986,76959.40571528324,81627.56604995472,77634.51592192693,76888.10422321236,78572.46876277095,73386.29011377427
2026-05-27 00:00:00,75851.10409561773,1521310703337.921,21937550660.277542,2026,5,27,2,22,77258.39912360838,76758.73155866472,80482.14377829393,78637.74356150378,76758.4431570628,78479.58078057475,73475.19010136081
2026-05-28 00:00:00,74339.61694703094,1489416527418.8489,34389389567.3329,2026,5,28,3,22,75851.10409561773,77470.39614899461,79288.8420865621,77366.78442217235,76311.1889853537,78378.67519807004,73551.22093811113
2026-05-29 00:00:00,73651.64255141478,1477197114898.1526,33586238604.416878,2026,5,29,4,22,74339.61694703094,77550.38308320483,81059.11595417073,76331.86443470464,75754.22605224083,78289.33446862704,73637.44783338254
2026-05-30 00:00:00,73500.91507629369,1474174043264.2876,38828038484.70212,2026,5,30,5,22,73651.64255141478,75478.38285862996,79068.6684041429,75784.95743624517,75471.73065476422,78213.19972329534,73709.49048925562
2026-05-31 00:00:00,73820.30385315015,1479111074457.094,18374444051.152412,2026,5,31,6,22,73500.91507629369,76684.37097078416,78132.7535126921,76296.7964844269,75062.57820938794,78130.64996891943,73798.33362463082
2026-06-01 00:00:00,73598.6681238158,1474670238472.3772,16617912637.659142,2026,6,1,0,23,73820.30385315015,77016.06581859986,77428.51866052429,78207.76425489692,74574.37853870449,77977.01343121674,73851.47508890828
2026-06-02 00:00:00,71320.29306465392,1429084366219.4146,48870728373.42597,2026,6,2,1,23,73598.6681238158,77258.39912360838,76959.40571528324,78677.4246327222,73726.07767313957,77731.77571228113,73885.17320035961
2026-06-03 00:00:00,66727.26415497709,1337077983137.808,61786877126.25958,2026,6,3,2,23,71320.29306465392,75851.10409561773,76758.73155866472,78512.09246456268,72422.67196733378,77338.94810196159,73818.22834022979
2026-06-04 00:00:00,64046.61064609333,1283384941923.1694,43649392701.85552,2026,6,4,3,23,66727.26415497709,74339.61694703094,77470.39614899461,79825.8751129579,70952.24249577125,76812.97261973278,73742.43270078152
2026-06-05 00:00:00,63810.65923840883,1278676276214.779,60995145201.16938,2026,6,5,4,23,64046.61064609333,73651.64255141478,77550.38308320483,80913.9613749304,69546.38773677041,76242.86254851539,73694.29687983186
2026-06-06 00:00:00,60960.10140035313,1221584775490.4983,45506430145.38753,2026,6,6,5,23,63810.65923840883,73500.91507629369,75478.38285862996,81436.85936825167,67754.84292592175,75560.30394958545,73623.41273538505
2026-06-07 00:00:00,60855.25426528331,1219483734629.1333,31010313650.452156,2026,6,7,6,23,60960.10140035313,73820.30385315015,76684.37097078416,80024.90767231231,65902.69298479792,74921.31550268449,73565.77388189903
2026-06-08 00:00:00,63273.537430635515,1267943921370.2615,33326211424.640003,2026,6,8,0,24,60855.25426528331,73598.6681238158,77016.06581859986,80197.2669977041,64427.67431434359,74357.1911837822,73508.47308379307
2026-06-09 00:00:00,63069.147792658114,1263848139632.9338,32495793038.066757,2026,6,9,1,24,63273.537430635515,71320.29306465392,77258.39912360838,80677.64981723971,63248.93927548704,73770.24111629614,73433.1391311503
2026-06-10 00:00:00,61669.76384194788,1235805762898.2478,35017939157.83543,2026,6,10,2,24,63069.147792658114,66727.26415497709,75851.10409561773,82018.3711243874,62526.439230768585,73091.9542068815,73340.25917521623
2026-06-11 00:00:00,61480.144432833426,1232005963062.1147,26327022779.7125,2026,6,11,3,24,61669.76384194788,64046.61064609333,74339.61694703094,81627.56604995472,62159.801200302885,72420.37348631078,73240.95862574021
2026-06-12 00:00:00,63555.66181107698,1273749779296.1104,28342001883.939762,2026,6,12,4,24,61480.144432833426,63810.65923840883,73651.64255141478,80482.14377829393,62123.37299639833,71856.15742073688,73160.03339806403
2026-06-13 00:00:00,63532.27782485316,1273309909632.204,26198317555.20565,2026,6,13,5,24,63555.66181107698,60960.10140035313,73500.91507629369,79288.8420865621,62490.82677132691,71330.93861201325,73075.40001402303
2026-06-14 00:00:00,64408.80975375945,1290903457306.5925,16875136749.718493,2026,6,14,6,24,63532.27782485316,60855.25426528331,73820.30385315015,81059.11595417073,62998.47755539493,70775.92840533287,72980.6724104885
2026-06-15 00:00:00,65709.31094599118,1316997723207.2698,21124197393.114784,2026,6,15,0,25,64408.80975375945,63273.537430635515,73598.6681238158,79068.6684041429,63346.44520044575,70330.61649006115,72881.00507757618
2026-06-16 00:00:00,66292.50117921834,1328716312457.8525,30758717645.22543,2026,6,16,1,25,65709.31094599118,63069.147792658114,71320.29306465392,78132.7535126921,63806.92425566864,69935.9414122787,72795.31408169186
2026-06-17 00:00:00,65619.28080038042,1315255606491.9746,25251031908.02844,2026,6,17,2,25,66292.50117921834,61669.76384194788,66727.26415497709,77428.51866052429,64371.14096401614,69542.30015027389,72733.08334277826
2026-06-18 00:00:00,64444.545329668814,1291736519936.9531,31384852552.080708,2026,6,18,3,25,65619.28080038042,61480.144432833426,64046.61064609333,76959.40571528324,64794.6268064212,69125.13813742009,72672.0649650975
2026-06-19 00:00:00,62897.23855524796,1260755460004.2776,30204028640.80352,2026,6,19,4,25,64444.545329668814,63555.66181107698,63810.65923840883,76758.73155866472,64700.566341302765,68663.08837063953,72587.29773616047
2026-06-20 00:00:00,63489.81094752525,1272662339486.1091,23645282131.211132,2026,6,20,5,25,62897.23855524796,63532.27782485316,60960.10140035313,77470.39614899461,64694.49964454163,68197.06886392388,72532.47255915836
2026-06-21 00:00:00,64253.39869532133,1287998314407.3254,18855396681.673313,2026,6,21,6,25,63489.81094752525,64408.80975375945,60855.25426528331,77550.38308320483,64672.29806476476,67753.83605099443,72491.58332820216
2026-06-22 00:00:00,63255.48525259375,1268020785738.6846,16915246357.834028,2026,6,22,0,26,64253.39869532133,65709.31094599118,63273.537430635515,75478.38285862996,64321.75153713655,67346.40613079323,72405.67481040809
2026-06-23 00:00:00,63937.28526422244,1281722561349.0657,27569840544.502632,2026,6,23,1,26,63255.48525259375,66292.50117921834,63069.147792658114,76684.37097078416,63985.29212070857,66921.50327390783,72332.43505272218
2026-06-24 00:00:00,62662.29201921944,1256197234338.4941,30689271786.405464,2026,6,24,2,26,63937.28526422244,65619.28080038042,61669.76384194788,77016.06581859986,63562.86515197129,66443.04414726181,72236.42068126216
2026-06-25 00:00:00,60989.57352152134,1222695488973.654,43171393360.53368,2026,6,25,3,26,62662.29201921944,64444.545329668814,61480.144432833426,77258.39912360838,63069.29775080736,65900.74996052559,72150.4469171666
2026-06-26 00:00:00,59726.73653480851,1197409796612.7463,41007492811.17548,2026,6,26,4,26,60989.57352152134,62897.23855524796,63555.66181107698,75851.10409561773,62616.368890744576,65363.27104183194,72077.07863580434
2026-06-27 00:00:00,60022.32566638378,1203364318622.97,39614814581.667755,2026,6,27,5,26,59726.73653480851,63489.81094752525,63532.27782485316,74339.61694703094,62121.013850581505,64886.027999143706,72006.33953809601
2026-06-28 00:00:00,59953.443344011124,1202013480250.0635,16056335655.741009,2026,6,28,6,26,60022.32566638378,64253.39869532133,64408.80975375945,73651.64255141478,61506.73451468006,64429.421358896914,71939.74410940637
2026-06-29 00:00:00,59494.606386317784,1192836694280.2336,17361816169.775818,2026,6,29,0,27,59953.443344011124,63255.48525259375,65709.31094599118,73500.91507629369,60969.46610521206,63962.54440256439,71859.78116394469
2026-06-30 00:00:00,60152.35872063589,1206050822293.0742,32075473636.027355,2026,6,30,1,27,59494.606386317784,63937.28526422244,66292.50117921834,73820.30385315015,60428.76231327112,63506.94623148058,71771.39098790675
2026-07-01 00:00:00,58566.091991843154,1174271521060.0322,32381442094.945057,2026,7,1,2,27,60152.35872063589,62662.29201921944,65619.28080038042,73598.6681238158,59843.5908807888,63005.86036041482,71667.0156184021
2026-07-02 00:00:00,59967.685041718134,1202400598943.6472,39101214529.08516,2026,7,2,3,27,58566.091991843154,60989.57352152134,64444.545329668814,71320.29306465392,59697.60681224548,62627.44009298363,71590.12866731695
2026-07-03 00:00:00,61490.21448471664,1232955847657.318,40481809940.94352,2026,7,3,4,27,59967.685041718134,59726.73653480851,62897.23855524796,66727.26415497709,59949.53223366093,62452.87177064162,71530.88046933469
2026-07-04 00:00:00,62553.61289177051,1254308594105.5916,26816869526.90458,2026,7,4,5,27,61490.21448471664,60022.32566638378,63489.81094752525,64046.61064609333,60311.14469443046,62403.10517883085,71480.6189453179
2026-07-05 00:00:00,63088.406753852214,1265061539174.8157,19151546833.425976,2026,7,5,6,27,62553.61289177051,59953.443344011124,64253.39869532133,63810.65923840883,60758.99661012205,62379.0300960123,71414.91192614536
2026-07-06 00:00:00,63586.102141021256,1275068261445.5964,18666512398.727943,2026,7,6,0,28,63088.406753852214,59494.606386317784,63255.48525259375,60960.10140035313,61343.49600365112,62466.56345403458,71358.39921021712
2026-07-07 00:00:00,64001.23542391328,1283414917919.9055,36365921502.667404,2026,7,7,1,28,63586.102141021256,60152.35872063589,63937.28526422244,60855.25426528331,61893.33553269074,62571.42949265557,71273.28222910195
2026-07-08 00:00:00,63335.30929080668,1270088861350.0464,31452448064.454205,2026,7,8,2,28,64001.23542391328,58566.091991843154,62662.29201921944,63273.537430635515,62574.652289685524,62573.48855466128,71192.06573053793
2026-07-09 00:00:00,62247.1304822092,1248292438971.084,27882580909.181175,2026,7,9,3,28,63335.30929080668,59967.685041718134,60989.57352152134,63069.147792658114,62900.287352612824,62546.08797764631,71090.72492571152
2026-07-10 00:00:00,63192.8789720319,1267284402881.5332,26707343178.318974,2026,7,10,4,28,62247.1304822092,61490.21448471664,59726.73653480851,61669.76384194788,63143.52513651501,62596.85848198245,70982.64297082441
2026-07-11 00:00:00,64110.97482196822,1285721301995.1152,27782860991.65925,2026,7,11,5,28,63192.8789720319,62553.61289177051,60022.32566638378,61480.144432833426,63366.005412257546,62684.552828286935,70883.63313903459
2026-07-12 00:00:00,63791.35305345348,1279338966428.7214,14235365169.719538,2026,7,12,6,28,64110.97482196822,63088.406753852214,59953.443344011124,63555.66181107698,63466.426312200565,62692.40920303282,70807.3077328307
2026-07-13 00:00:00,63746.65595793199,1278471632284.2085,19015013213.72812,2026,7,13,0,29,63791.35305345348,63586.102141021256,59494.606386317784,63532.27782485316,63489.36257175925,62699.55514080212,70688.03011648991
2026-07-14 00:00:00,62278.96301585648,1249064515645.423,31361911542.918644,2026,7,14,1,29,63746.65595793199,64001.23542391328,60152.35872063589,64408.80975375945,63243.323656322566,62628.56024953868,70554.492510055
2026-07-15 00:00:00,64983.51907427709,1303338246252.6511,32016409409.06845,2026,7,15,2,29,62278.96301585648,63335.30929080668,58566.091991843154,65709.31094599118,63478.78219681834,62604.36718714821,70445.1281321219
2026-07-16 00:00:00,64717.168891130066,1298025137560.8176,28397592354.339935,2026,7,16,3,29,64983.51907427709,62247.1304822092,59967.685041718134,66292.50117921834,63831.644826664175,62551.8561108786,70329.6304892958
2026-07-17 00:00:00,63792.28742743447,1279500217318.545,27825917044.490063,2026,7,17,4,29,64717.168891130066,63192.8789720319,61490.21448471664,65619.28080038042,63917.2746060074,62490.956331780406,70181.48108768968
2026-07-18 00:00:00,63904.954014943025,1281784159472.132,28871351366.178684,2026,7,18,5,29,63792.28742743447,64110.97482196822,62553.61289177051,64444.545329668814,63887.84306214665,62472.96995462289,70050.2455674416
2026-07-19 00:00:00,64795.70382303786,1299683566530.6624,15451966881.20787,2026,7,19,6,29,63904.954014943025,63791.35305345348,63088.406753852214,62897.23855524796,64031.32174351585,62536.25213021587,69949.74203505216
2026-07-20 00:00:00,64670.40117470696,1297204952087.9087,16372745607.748148,2026,7,20,0,30,64795.70382303786,63746.65595793199,63586.102141021256,63489.81094752525,64163.28534591228,62575.6051377886,69825.4349873499
2026-07-21 00:00:00,65184.92144270268,1307555290285.9756,32520098295.98486,2026,7,21,1,30,64670.40117470696,62278.96301585648,64001.23542391328,64253.39869532133,64578.42226403317,62606.655896034645,69701.64309557521
2026-07-22 00:00:00,66520.98164575922,1334382819959.6755,30875118859.101532,2026,7,22,2,30,65184.92144270268,64983.51907427709,63335.30929080668,63255.48525259375,64798.059774244895,62715.50577580683,69571.44492774935
2026-07-23 00:00:00,66077.05646514206,1325502184529.7004,28939202566.320488,2026,7,23,3,30,66520.98164575922,64717.168891130066,62247.1304822092,63937.28526422244,64992.32942767518,62786.83148250415,69435.90860150137
2026-07-24 00:00:00,65033.02206215462,1304584533794.3228,25467017655.49889,2026,7,24,4,30,66077.05646514206,63792.28742743447,63192.8789720319,62662.29201921944,65169.577232635194,62865.85581726865,69297.96865130402
2026-07-25 00:00:00,64099.00415642356,1285880251135.3728,26959674488.776695,2026,7,25,5,30,65033.02206215462,63904.954014943025,64110.97482196822,60989.57352152134,65197.298681418135,62969.50350509873,69147.57407613176
2026-07-26 00:00:00,64316.36420628235,1290267626178.7449,14459472244.84863,2026,7,26,6,30,64099.00415642356,64795.70382303786,63791.35305345348,59726.73653480851,65128.82159331021,63122.49109414786,68988.44763885152
2026-07-27 00:00:00,65310.39342889224,1310239348543.4233,14672396643.288786,2026,7,27,0,31,64316.36420628235,64670.40117470696,63746.65595793199,60022.32566638378,65220.24905819382,63298.7600195648,68854.4877389262
2026-07-28 00:00:00,63673.70583727069,1277432010626.5527,25805685046.378044,2026,7,28,1,31,65310.39342889224,65184.92144270268,62278.96301585648,59953.443344011124,65004.36111456068,63422.768769340124,68713.84153228803
2026-07-29 00:00:00,63957.0445311038,1283142171242.0308,24575144136.146225,2026,7,29,2,31,63673.70583727069,66520.98164575922,64983.51907427709,59494.606386317784,64638.08438389561,63571.51670749966,68582.42027778646
2026-07-30 00:00:00,63934.10397135411,1282708329624.6782,28002713066.858093,2026,7,30,3,31,63957.0445311038,66077.05646514206,64717.168891130066,60152.35872063589,64331.94831335448,63697.57488252359,68445.0570276412
2026-07-31 00:00:00,64776.94132457678,1299648275649.1667,26365207307.479393,2026,7,31,4,31,63934.10397135411,65033.02206215462,63792.28742743447,58566.091991843154,64295.36535084336,63904.60319361472,68295.82566174875
2026-08-01 00:00:00,62896.51265124351,1261952862387.9932,29778777500.489014,2026,8,1,5,31,64776.94132457678,64099.00415642356,63904.954014943025,59967.685041718134,64123.58085010335,64002.230780598904,68120.48219528788
2026-08-02 00:00:00,62802.63461583794,1260101264157.2688,13831032855.493818,2026,8,2,6,31,62896.51265124351,64316.36420628235,64795.70382303786,61490.21448471664,63907.33376575415,64045.97811830293,67945.9326636354
2026-08-03 16:29:40,63827.63334628512,1280716207276.514,24130347825.406166,2026,8,3,0,32,62802.63461583794,65310.39342889224,64670.40117470696,62553.61289177051,63695.51089681028,64088.44546678676,67768.17442178346
